Size,Epsilon,MinPts,Radius,Leaders,Leaders Count,Classification RoughDBSCAN,Classification DBSCAN,Rand-Index RoughDBSCAN,Rand-Index DBSCAN,Time RoughDBSCAN,Time DBSCAN
1000,0.2,2,0.1,"[[ 2.02100097e+00  4.90179243e-01]
 [ 1.67820090e+00 -2.01986872e-01]
 [-2.82244845e-01  8.58784836e-01]
 [-2.14399609e-02  1.76281462e-01]
 [ 5.04842019e-01 -3.91043101e-01]
 [ 1.96953895e+00  3.60055215e-01]
 [ 9.56595883e-01  2.53664901e-01]
 [ 9.48787952e-02  9.83378470e-01]
 [-4.41660304e-01  8.72034276e-01]
 [ 7.07516380e-01 -5.12673701e-01]
 [-1.05224971e+00  4.74807651e-02]
 [ 1.32059444e+00 -5.09062586e-01]
 [ 1.03743091e-01  1.06957592e-02]
 [ 8.94167579e-01  3.41012335e-01]
 [ 1.81760764e+00  6.80679015e-04]
 [ 4.75218988e-01  8.19541200e-01]
 [ 1.02784130e+00  1.59873179e-01]
 [ 8.24208876e-01  4.80515910e-01]
 [-9.70102597e-01  1.34213903e-01]
 [ 8.69790205e-01  6.22998953e-01]
 [ 1.05578369e+00 -4.54860088e-01]
 [ 9.46276073e-01  4.33347394e-02]
 [ 1.52276609e+00 -3.83961811e-01]
 [ 7.96718495e-01 -4.21523712e-01]
 [ 1.76834091e-01 -1.61573781e-01]
 [-8.19806739e-01  5.39398354e-01]
 [ 8.91035295e-01 -5.07778925e-01]
 [-6.74108879e-01  7.19629642e-01]
 [-9.48060255e-02  9.86423544e-01]
 [ 3.50379255e-01 -2.28187952e-01]
 [-1.21940718e-01  1.09425462e+00]
 [ 5.88863707e-01  7.71226394e-01]
 [-3.25393863e-01  9.80718410e-01]
 [-9.02579961e-01  3.70081853e-01]
 [ 1.93498941e-01 -3.75099417e-02]
 [ 1.18620207e-01  1.28709499e-01]
 [ 4.91321696e-01 -2.25242718e-01]
 [ 3.79752362e-01  9.22819299e-01]
 [ 2.76242786e-01  9.45284767e-01]
 [ 9.12322209e-02  3.54868963e-01]
 [ 1.86340116e+00  9.80778027e-02]
 [-9.69563943e-01  5.40255831e-01]
 [-1.00197531e+00  3.21024864e-01]
 [ 2.53006737e-02  4.59533431e-01]
 [ 1.77932108e+00 -2.44508528e-01]
 [-2.15595778e-01  9.87259792e-01]
 [ 1.88334830e+00 -9.69527468e-02]
 [ 1.27550926e+00 -3.97563461e-01]
 [ 1.91498583e+00  2.44134688e-01]
 [ 2.19429833e-01  1.05010356e+00]
 [-7.93295799e-01  6.54569939e-01]
 [ 6.37953612e-02  2.47557592e-01]
 [ 6.97232939e-01  6.90762580e-01]
 [ 1.05698268e+00  3.39417890e-01]
 [-5.84557531e-01  7.86539268e-01]
 [-4.51008824e-02  3.28992515e-01]
 [ 1.39911272e-03  9.28675183e-01]
 [-7.75159999e-01  7.59127456e-01]
 [ 2.00438635e+00  1.93275293e-01]
 [ 1.40472022e+00 -4.01503284e-01]
 [ 1.14588372e+00 -5.41821827e-01]
 [ 6.26517342e-01  9.00042130e-01]
 [ 3.04739923e-01 -1.24912231e-01]
 [ 1.78819227e+00 -1.29739427e-01]
 [ 1.89784668e+00  4.95186884e-01]
 [ 5.13629101e-01  9.48086252e-01]
 [-8.03328057e-01  3.47588877e-01]
 [ 3.53782596e-01  1.04773004e+00]
 [ 1.25587467e+00 -6.05225295e-01]
 [-9.07571709e-01  2.43372382e-01]
 [ 7.18582103e-01  7.96991377e-01]
 [-6.57417375e-01  9.49331672e-01]
 [ 1.64291904e+00 -3.32419251e-01]
 [-5.11859269e-01  9.46376961e-01]
 [ 1.17761069e+00 -4.34770625e-01]
 [ 3.34025369e-01 -3.26904385e-01]
 [ 2.07635246e+00  3.30888108e-01]
 [ 2.57209426e-02  8.37454551e-02]
 [ 1.44400030e+00 -2.70709362e-01]
 [ 2.24939055e-01  8.58917229e-01]
 [ 6.38636983e-01 -3.59677169e-01]
 [-9.22157009e-01 -4.40739832e-02]
 [ 5.87413205e-01 -4.79786895e-01]
 [ 7.41547427e-01  5.72215813e-01]
 [ 9.57155276e-01  4.79305886e-01]
 [ 9.62099016e-01 -1.29287215e-01]
 [-6.85842035e-01  8.48872254e-01]
 [ 5.35805293e-02  1.07940047e+00]
 [ 1.98966625e+00  7.82626195e-02]
 [ 1.16291272e+00  1.87026865e-01]
 [-8.37502054e-02  8.61274726e-01]
 [ 8.06504226e-01  2.77280631e-01]
 [ 1.69892866e-01  2.27482113e-01]]",93,"[1. 1. 2. 1. 1. 1. 2. 2. 2. 1. 2. 1. 1. 2. 1. 2. 1. 2. 2. 2. 2. 2. 2. 2.
 1. 1. 2. 2. 1. 2. 1. 1. 1. 1. 2. 1. 1. 2. 1. 2. 2. 1. 1. 1. 2. 1. 1. 2.
 2. 1. 2. 2. 2. 2. 1. 1. 2. 2. 1. 2. 1. 1. 2. 2. 2. 2. 2. 1. 2. 1. 1. 2.
 1. 2. 1. 2. 2. 1. 1. 1. 2. 2. 2. 1. 1. 1. 2. 1. 2. 1. 2. 2. 1. 2. 1. 2.
 1. 2. 2. 1. 1. 1. 2. 1. 2. 1. 1. 1. 1. 2. 2. 1. 2. 1. 2. 2. 1. 2. 2. 1.
 1. 1. 2. 1. 2. 1. 2. 2. 1. 1. 2. 1. 1. 1. 1. 1. 2. 2. 1. 1. 2. 1. 1. 2.
 2. 2. 2. 2. 2. 2. 2. 2. 2. 1. 1. 1. 2. 2. 1. 2. 1. 1. 1. 1. 1. 2. 2. 1.
 2. 2. 1. 1. 2. 1. 2. 1. 2. 1. 1. 2. 1. 1. 2. 2. 1. 1. 1. 2. 1. 2. 1. 1.
 2. 2. 1. 1. 1. 2. 1. 2. 1. 1. 2. 1. 1. 1. 1. 1. 1. 1. 2. 1. 2. 1. 1. 1.
 2. 2. 2. 1. 1. 1. 1. 2. 2. 2. 1. 1. 2. 2. 1. 2. 1. 1. 2. 2. 1. 2. 1. 2.
 1. 2. 2. 2. 1. 2. 2. 2. 2. 1. 2. 1. 2. 1. 2. 1. 1. 2. 1. 2. 1. 1. 2. 2.
 1. 1. 1. 2. 2. 2. 1. 1. 2. 2. 1. 1. 1. 1. 2. 2. 1. 2. 2. 1. 1. 2. 1. 1.
 2. 2. 1. 2. 1. 1. 1. 2. 1. 1. 2. 2. 2. 2. 2. 2. 2. 2. 1. 1. 2. 1. 1. 1.
 1. 2. 1. 2. 2. 2. 2. 2. 2. 1. 1. 2. 2. 2. 2. 1. 2. 1. 1. 1. 2. 1. 2. 2.
 2. 1. 2. 1. 1. 2. 2. 2. 2. 2. 2. 2. 2. 1. 2. 1. 2. 1. 1. 1. 2. 1. 1. 2.
 2. 2. 2. 2. 2. 2. 1. 2. 2. 2. 1. 2. 2. 1. 2. 2. 1. 1. 2. 2. 1. 2. 2. 1.
 1. 1. 1. 2. 2. 1. 1. 2. 2. 1. 2. 2. 2. 2. 1. 2. 1. 2. 1. 2. 1. 1. 2. 2.
 1. 1. 1. 2. 1. 1. 2. 2. 2. 2. 2. 2. 1. 1. 2. 1. 2. 1. 1. 2. 2. 1. 1. 2.
 2. 1. 1. 2. 2. 2. 1. 1. 1. 2. 1. 2. 2. 1. 1. 2. 2. 1. 1. 1. 2. 1. 2. 2.
 1. 2. 2. 1. 1. 2. 2. 2. 1. 2. 1. 1. 2. 1. 1. 1. 2. 2. 1. 1. 2. 2. 2. 2.
 2. 1. 2. 2. 2. 1. 2. 2. 1. 1. 1. 1. 1. 1. 2. 1. 2. 2. 1. 2. 1. 2. 1. 2.
 2. 1. 2. 1. 1. 2. 2. 2. 2. 2. 1. 1. 1. 1. 2. 1. 2. 2. 2. 1. 2. 2. 2. 1.
 1. 2. 1. 1. 2. 2. 2. 1. 2. 2. 2. 2. 1. 1. 1. 1. 2. 1. 2. 1. 2. 1. 1. 2.
 2. 2. 1. 1. 1. 1. 1. 2. 1. 2. 1. 2. 2. 1. 1. 2. 2. 1. 2. 2. 2. 1. 1. 2.
 2. 1. 1. 2. 2. 1. 1. 1. 1. 2. 1. 2. 2. 1. 1. 2. 1. 1. 1. 2. 2. 1. 2. 2.
 1. 1. 1. 1. 1. 1. 2. 1. 1. 1. 2. 2. 2. 1. 1. 2. 1. 2. 1. 2. 1. 1. 1. 2.
 1. 1. 2. 2. 1. 2. 1. 2. 1. 1. 1. 1. 1. 1. 1. 1. 1. 2. 2. 2. 2. 2. 2. 1.
 1. 2. 1. 2. 1. 1. 2. 1. 1. 1. 1. 2. 2. 1. 1. 1. 2. 2. 2. 1. 1. 1. 1. 2.
 2. 2. 1. 2. 1. 2. 2. 2. 1. 1. 1. 2. 1. 1. 1. 1. 1. 1. 2. 1. 2. 2. 1. 1.
 2. 2. 1. 2. 2. 2. 2. 1. 1. 1. 2. 2. 2. 2. 1. 1. 1. 1. 2. 2. 2. 1. 2. 1.
 2. 1. 1. 2. 1. 2. 2. 2. 2. 2. 1. 2. 2. 1. 2. 1. 2. 2. 2. 1. 1. 1. 1. 1.
 1. 1. 2. 1. 1. 1. 1. 1. 2. 1. 2. 2. 1. 1. 1. 1. 1. 1. 1. 1. 1. 1. 2. 2.
 2. 2. 2. 1. 2. 2. 2. 2. 2. 2. 1. 2. 1. 1. 1. 1. 1. 2. 2. 2. 2. 1. 1. 2.
 1. 1. 2. 2. 2. 2. 2. 2. 2. 1. 1. 1. 2. 1. 2. 1. 2. 1. 2. 1. 2. 2. 2. 1.
 2. 2. 2. 2. 2. 2. 1. 1. 1. 2. 2. 1. 1. 2. 2. 2. 1. 1. 2. 1. 1. 2. 2. 2.
 2. 1. 2. 2. 2. 1. 2. 1. 2. 2. 1. 2. 1. 2. 2. 1. 1. 2. 1. 1. 2. 2. 2. 1.
 2. 1. 1. 2. 1. 2. 2. 2. 1. 1. 2. 1. 1. 2. 1. 2. 1. 2. 2. 1. 1. 2. 1. 2.
 1. 1. 2. 1. 1. 2. 1. 2. 1. 2. 1. 2. 1. 2. 1. 2. 2. 2. 1. 1. 1. 2. 1. 2.
 2. 2. 1. 2. 1. 2. 2. 2. 2. 1. 1. 2. 2. 1. 2. 2. 2. 1. 2. 1. 1. 2. 1. 1.
 2. 1. 2. 2. 1. 2. 1. 1. 2. 2. 1. 1. 1. 1. 1. 2. 2. 2. 1. 2. 1. 1. 1. 2.
 2. 1. 2. 2. 1. 1. 1. 2. 1. 1. 2. 1. 1. 1. 1. 1. 2. 2. 1. 2. 1. 2. 2. 1.
 2. 2. 1. 1. 1. 2. 1. 2. 2. 1. 1. 1. 2. 1. 1. 1.]","[1. 1. 0. 0. 0. 1. 0. 0. 0. 0. 0. 0. 1. 0. 0. 0. 1. 0. 0. 0. 0. 0. 0. 0.
 1. 1. 0. 0. 0. 0. 1. 0. 0. 1. 0. 0. 1. 0. 1. 0. 0. 1. 0. 0. 0. 1. 1. 0.
 0. 0. 0. 0. 0. 0. 1. 0. 0. 0. 1. 0. 0. 0. 0. 0. 0. 0. 0. 0. 0. 0. 0. 0.
 0. 0. 1. 0. 0. 1. 0. 0. 0. 0. 0. 1. 1. 0. 0. 0. 0. 1. 0. 0. 1. 0. 0. 0.
 0. 0. 0. 0. 1. 1. 0. 1. 0. 0. 0. 1. 1. 0. 0. 0. 0. 0. 0. 0. 0. 0. 0. 0.
 1. 1. 0. 1. 0. 1. 0. 0. 1. 0. 0. 0. 0. 0. 0. 0. 0. 0. 0. 1. 0. 0. 0. 0.
 0. 0. 0. 0. 0. 0. 0. 0. 0. 0. 1. 1. 0. 0. 1. 0. 0. 1. 0. 1. 1. 0. 0. 1.
 0. 0. 1. 1. 0. 1. 0. 0. 0. 0. 1. 0. 0. 1. 0. 0. 1. 1. 0. 0. 0. 0. 1. 1.
 0. 0. 0. 0. 0. 0. 0. 0. 0. 0. 0. 1. 1. 0. 1. 0. 0. 1. 0. 0. 0. 1. 1. 1.
 0. 0. 0. 0. 1. 0. 1. 0. 0. 0. 0. 0. 0. 0. 0. 0. 0. 0. 0. 0. 0. 0. 0. 0.
 0. 0. 0. 0. 1. 0. 0. 0. 0. 0. 0. 0. 0. 1. 0. 0. 0. 0. 1. 0. 1. 0. 0. 0.
 1. 0. 0. 0. 0. 0. 0. 0. 0. 0. 0. 1. 1. 0. 0. 0. 1. 0. 0. 1. 1. 0. 1. 1.
 0. 0. 0. 0. 0. 1. 0. 0. 1. 1. 0. 0. 0. 0. 0. 0. 0. 0. 1. 1. 0. 1. 1. 1.
 0. 0. 1. 0. 0. 0. 0. 0. 0. 0. 1. 0. 0. 0. 0. 0. 0. 1. 1. 0. 0. 1. 0. 0.
 0. 0. 0. 0. 1. 0. 0. 0. 0. 0. 0. 0. 0. 0. 0. 0. 0. 1. 1. 1. 0. 1. 1. 0.
 0. 0. 0. 0. 0. 0. 1. 0. 0. 0. 1. 0. 0. 1. 0. 0. 0. 0. 0. 0. 0. 0. 0. 1.
 0. 1. 0. 0. 0. 0. 0. 0. 0. 0. 0. 0. 0. 0. 1. 0. 0. 0. 0. 0. 0. 0. 0. 0.
 0. 1. 1. 0. 0. 1. 0. 0. 0. 0. 0. 0. 0. 1. 0. 0. 0. 0. 1. 0. 0. 0. 1. 0.
 0. 1. 0. 0. 0. 0. 1. 0. 0. 0. 1. 0. 0. 0. 0. 0. 0. 0. 0. 1. 0. 1. 0. 0.
 1. 0. 0. 0. 1. 0. 0. 0. 1. 0. 0. 0. 0. 0. 1. 0. 0. 0. 0. 0. 0. 0. 0. 0.
 0. 0. 0. 0. 0. 0. 0. 0. 0. 0. 0. 1. 1. 0. 0. 0. 0. 0. 0. 0. 0. 0. 0. 0.
 0. 0. 0. 0. 0. 0. 0. 0. 0. 0. 0. 1. 0. 0. 0. 1. 0. 0. 0. 0. 0. 0. 0. 1.
 0. 0. 0. 0. 0. 0. 0. 0. 0. 0. 0. 0. 1. 1. 0. 1. 0. 1. 0. 0. 0. 1. 1. 0.
 0. 0. 1. 0. 1. 0. 1. 0. 1. 0. 0. 0. 0. 1. 1. 0. 0. 0. 0. 0. 0. 0. 0. 0.
 0. 0. 0. 0. 0. 0. 1. 0. 1. 0. 0. 0. 0. 0. 0. 0. 1. 1. 1. 0. 0. 0. 0. 0.
 0. 0. 0. 1. 0. 1. 0. 0. 0. 0. 0. 0. 0. 1. 1. 0. 1. 0. 0. 0. 0. 0. 1. 0.
 0. 0. 0. 0. 0. 0. 1. 0. 0. 0. 1. 0. 0. 1. 1. 0. 1. 0. 0. 0. 0. 0. 0. 0.
 1. 0. 0. 0. 0. 1. 0. 1. 1. 0. 0. 0. 0. 0. 0. 1. 0. 0. 0. 0. 1. 0. 0. 0.
 0. 0. 1. 0. 0. 0. 0. 0. 1. 1. 0. 0. 0. 1. 0. 0. 1. 1. 0. 0. 0. 0. 0. 0.
 0. 0. 1. 0. 0. 0. 0. 0. 1. 1. 0. 0. 0. 0. 0. 1. 1. 0. 0. 0. 0. 1. 0. 1.
 0. 1. 1. 0. 0. 0. 0. 0. 0. 0. 1. 0. 0. 0. 0. 0. 0. 0. 0. 0. 0. 0. 1. 1.
 1. 0. 0. 0. 1. 0. 0. 1. 0. 0. 0. 0. 0. 1. 1. 1. 0. 1. 0. 0. 1. 0. 0. 0.
 0. 0. 0. 0. 0. 0. 0. 0. 0. 0. 0. 0. 1. 0. 1. 1. 0. 0. 0. 0. 0. 1. 0. 0.
 0. 0. 0. 0. 0. 0. 0. 0. 0. 0. 0. 0. 0. 0. 0. 0. 0. 1. 0. 1. 0. 0. 0. 0.
 0. 0. 0. 0. 0. 0. 0. 1. 0. 0. 0. 0. 1. 0. 0. 0. 1. 1. 0. 1. 1. 0. 0. 0.
 0. 0. 0. 0. 0. 0. 0. 1. 0. 0. 1. 0. 0. 0. 0. 0. 0. 0. 0. 0. 0. 0. 0. 0.
 0. 1. 0. 0. 0. 0. 0. 0. 0. 0. 0. 1. 1. 0. 0. 0. 0. 0. 0. 1. 1. 0. 0. 0.
 0. 1. 0. 0. 1. 0. 0. 0. 1. 0. 1. 0. 1. 0. 0. 0. 0. 0. 0. 0. 0. 0. 1. 0.
 0. 0. 1. 0. 1. 0. 0. 0. 0. 1. 1. 0. 0. 0. 0. 0. 0. 0. 0. 0. 1. 0. 1. 1.
 0. 1. 0. 0. 1. 0. 0. 0. 0. 0. 0. 0. 0. 0. 0. 0. 0. 0. 1. 0. 0. 1. 1. 0.
 0. 1. 0. 0. 1. 0. 0. 0. 1. 0. 0. 1. 0. 0. 1. 1. 0. 0. 0. 0. 0. 0. 0. 0.
 0. 0. 0. 1. 0. 0. 0. 0. 0. 0. 0. 1. 0. 0. 0. 0.]",1.0,0.5963963963963964,0.5804896354675293,More than 1 hour
1000,0.2,2,0.25,"[[ 2.02100097  0.49017924]
 [ 1.6782009  -0.20198687]
 [-0.28224484  0.85878484]
 [-0.02143996  0.17628146]
 [ 0.50484202 -0.3910431 ]
 [ 0.95659588  0.2536649 ]
 [ 0.0948788   0.98337847]
 [-1.05224971  0.04748077]
 [ 1.32059444 -0.50906259]
 [ 0.47521899  0.8195412 ]
 [ 0.82420888  0.48051591]
 [ 1.05578369 -0.45486009]
 [ 0.79671849 -0.42152371]
 [ 0.17683409 -0.16157378]
 [-0.81980674  0.53939835]
 [ 1.863654    0.06246818]
 [-1.00197531  0.32102486]
 [ 0.02530067  0.45953343]
 [-0.59960634  0.76318953]
 [ 0.98257339 -0.03041849]
 [ 0.3537826   1.04773004]
 [ 0.74052943  0.75058004]]",22,"[ 1.  2.  3.  4.  5.  1.  6.  7.  3.  5.  8.  4.  9.  7.  4.  6.  2. 10.
  6. 11.  6.  8.  3.  3.  2.  9.  6. 11. 12.  6.  2. 13. 14.  9. 15. 12.
  1. 15. 16.  3.  7.  1.  5.  5.  7.  9.  9. 10.  3. 14.  3.  3.  3. 15.
  2. 14.  3.  3.  1.  3.  4.  5. 10. 10. 15.  7.  3.  4.  7.  4. 12.  3.
 12.  7. 16. 15. 15.  9. 14.  5.  7. 17. 15.  1.  2.  5.  7. 18.  8.  2.
 17.  8. 16.  3.  5.  8.  4. 11. 19.  5.  9.  2.  6.  2.  3. 14.  5.  9.
 16.  7. 11.  4.  8.  4.  7. 15.  4. 15.  8. 18.  9.  2. 11. 16.  6.  2.
 19.  3. 16. 14.  8.  5. 14. 12. 12. 14.  3. 20.  4.  2. 11. 14.  4.  7.
  3. 15. 15. 15.  6.  6.  7.  6. 15.  9.  1.  1. 17. 19.  2.  8. 14.  1.
  5.  2. 16. 15.  3. 16. 19. 15. 16.  9. 10.  9.  8. 12.  3.  5.  2. 10.
  9.  1.  8.  3.  1. 16. 13. 17.  9.  7.  2.  2. 15.  6.  9.  5. 12.  7.
  5. 10.  5. 18.  3.  1.  9. 14.  9.  4.  4. 16. 11. 14.  6.  2.  2.  1.
 10. 10.  6. 14.  9.  4.  1.  3. 15.  3. 14.  4.  6. 15.  4.  3. 14.  9.
  6.  6.  5. 10. 12.  7.  4.  8. -1. 15.  1. 17. 19.  6.  8.  5.  7.  5.
  6.  1.  6.  9.  5.  8. 16.  6. 16. 12. 15. 10.  9. 14. 12.  8. 19. 15.
 12.  4.  6. 10. 12.  2.  2.  4. 17. 10.  1.  3. 19.  2.  9.  6.  2.  2.
 10.  7.  5.  7. 12.  1.  5. 10.  1.  1.  8.  6. 11. 11.  8. 15. 15.  3.
  9.  2.  3.  9. 16. 16.  4.  6.  2. 15. 15.  3.  6.  6. 10. 18. 16. 11.
  3.  6.  6. 18.  3.  9.  2. 12.  6.  9.  6. 17. 10.  5. 15. 12. 16.  8.
 21. 20. 10.  3. 11.  6.  7.  4.  7. 14.  3. 16.  2.  9.  3. 16.  9. 19.
 15.  6.  7. 15. 19.  7.  1. 19.  3.  7. 16. 10. 10. 16. 10.  3. 12.  5.
  3.  6.  4. 19. 10.  2.  4. 16. 14.  8.  6. 12. 12.  7.  7.  4.  6. 11.
 10. 19.  2.  8.  5. 21.  5. 15. 14. 14. 11.  8.  5.  9.  2. 15.  4.  1.
 15.  7. 10. 10.  7. 10.  5.  9. 19. 12. 17.  5.  2. 10.  8. 14.  1. 11.
  6. 16. 18.  7.  7. 10.  9. 14.  5. 10. 16. 15. 11. 12.  5.  7.  3.  5.
  5.  2.  8. 16.  7. 15.  2. 15.  3.  9.  2. 20.  8.  7.  2.  6. 14.  4.
 15. 12.  2.  5. 11.  3.  4. 12.  7.  3.  6. 11. 19.  5. 17.  6. 15.  4.
 17.  7. 13. 18. 14.  9. 16.  5.  7.  5.  7. 19.  5. 15. 14. 10. 12. 15.
 10.  4. 15.  4.  5. 15. 10.  7. 10. 15.  4. 16.  9. 14. 11.  9.  8.  6.
  6. 14. 20. 15. 17.  9.  4. 11.  5. 14.  7.  3. 11.  5.  8.  7. 21.  7.
  1.  2. 14.  9. 19.  9.  6.  5. 15.  2.  2. 20. 10. 19.  2. 12.  2.  4.
  2.  7.  9. 19.  5. 19. 15.  2. 16. 17.  6. 12. 15.  7. 11.  5.  4. 11.
  3. 12.  9. 10. 20. 18.  2.  9.  9. 15.  5. 19. 10.  4.  4. 19.  2.  1.
  2.  6. 15.  4.  8.  8.  5.  5.  4.  2.  5. 16.  3.  5.  5.  4. 10.  3.
  6.  2. 16.  8.  9. 17.  5. 15.  4.  5.  2.  7.  5.  4.  3. 19.  5.  6.
  1.  8.  9.  5.  2.  4.  4.  9.  2.  4.  2.  3.  3.  8. 15.  3. 11. 14.
  1.  6.  5. 17.  4.  1. 10.  1.  1. 12. 12.  7. 10. 14.  4.  2. 10. 11.
  6.  4. 16. 12.  4.  3.  8.  8.  1. 15. 12. 11. 15. 11.  2. 16.  5. 15.
  5.  1.  9. 12.  2.  9.  3.  4. 19.  6. 18. 18. 19.  7. 16. 10.  3.  6.
 11. 18.  9.  1. 10. 10. 19. 15.  9.  2.  2.  9.  7. 10. 15.  2.  3.  2.
  3. 16.  1.  7.  5.  6. 11.  6.  3.  6. 16.  7. 15. 12. 15. 12.  3.  6.
 15.  4. 14.  4.  2.  9.  2.  5.  7.  4.  9. 14.  5.  9. 15.  5. 10.  7.
 14.  2.  9.  2. 12.  1.  5. 12. 16.  5.  7.  6.  6. 15.  7. 12. 10. 19.
 11. 10.  7.  8.  4.  3.  1. 14.  9. 16. 18.  3.  8.  3. 21.  1. 18.  7.
  5. 14. 17. 11.  8.  6. 11. 10. 10.  4.  5. 14.  8. 14. 10. 12.  7.  1.
  3.  2.  7. 17. 15. 14.  6.  3.  3.  3.  7. 11. 18.  2.  5.  3.  3. 14.
 16. 15. 10. 15.  2.  1.  3.  9. 16. 10.  6. 11.  3.  9.  6.  6. 11.  9.
  6.  1.  6.  6.  9. 15.  4.  7. 10. 12. 14. 11. 12.  4. 11. 15. 11.  5.
  6.  2.  4. 19. 18. 15. 10. 15.  4. 14. 15.  2.  9.  3.  5.  7. 14.  7.
 11. 16. 16. 10.  4.  3.  4.  2. 15. 12.  9.  7.  5. 10.  2. 10.  2. 10.
 16.  6.  9.  3. 10.  6.  5.  4. 14. 15.  2. 11. 11. 15.  9. 10.  2.  3.
  6.  3.  3.  2. 16. 17.  6. 14. 15.  3.  3. 12.  8.  4.  2.  6. 16. 16.
 11.  9.  6. 10.  2.  8. 18.  5. 10.  7. 12.  4.  4.  5.  5.  3.  3. 15.
 16. 10.  5.  9.  1. 10. 11.  2. 15. 15.  2.  5.  9. 10.  2.  9.  6.  9.
  4.  5.  2.  1. 10. 11.  4.  8. 13.  3. 15. 14.  8.  6. 14.  9. 12.  3.
 13.  6. 19. 13. 12.  2.  7.  5.  4.  5.]","[1. 1. 0. 0. 0. 1. 0. 0. 0. 0. 0. 0. 1. 0. 0. 0. 1. 0. 0. 0. 0. 0. 0. 0.
 1. 1. 0. 0. 0. 0. 1. 0. 0. 1. 0. 0. 1. 0. 1. 0. 0. 1. 0. 0. 0. 1. 1. 0.
 0. 0. 0. 0. 0. 0. 1. 0. 0. 0. 1. 0. 0. 0. 0. 0. 0. 0. 0. 0. 0. 0. 0. 0.
 0. 0. 1. 0. 0. 1. 0. 0. 0. 0. 0. 1. 1. 0. 0. 0. 0. 1. 0. 0. 1. 0. 0. 0.
 0. 0. 0. 0. 1. 1. 0. 1. 0. 0. 0. 1. 1. 0. 0. 0. 0. 0. 0. 0. 0. 0. 0. 0.
 1. 1. 0. 1. 0. 1. 0. 0. 1. 0. 0. 0. 0. 0. 0. 0. 0. 0. 0. 1. 0. 0. 0. 0.
 0. 0. 0. 0. 0. 0. 0. 0. 0. 0. 1. 1. 0. 0. 1. 0. 0. 1. 0. 1. 1. 0. 0. 1.
 0. 0. 1. 1. 0. 1. 0. 0. 0. 0. 1. 0. 0. 1. 0. 0. 1. 1. 0. 0. 0. 0. 1. 1.
 0. 0. 0. 0. 0. 0. 0. 0. 0. 0. 0. 1. 1. 0. 1. 0. 0. 1. 0. 0. 0. 1. 1. 1.
 0. 0. 0. 0. 1. 0. 1. 0. 0. 0. 0. 0. 0. 0. 0. 0. 0. 0. 0. 0. 0. 0. 0. 0.
 0. 0. 0. 0. 1. 0. 0. 0. 0. 0. 0. 0. 0. 1. 0. 0. 0. 0. 1. 0. 1. 0. 0. 0.
 1. 0. 0. 0. 0. 0. 0. 0. 0. 0. 0. 1. 1. 0. 0. 0. 1. 0. 0. 1. 1. 0. 1. 1.
 0. 0. 0. 0. 0. 1. 0. 0. 1. 1. 0. 0. 0. 0. 0. 0. 0. 0. 1. 1. 0. 1. 1. 1.
 0. 0. 1. 0. 0. 0. 0. 0. 0. 0. 1. 0. 0. 0. 0. 0. 0. 1. 1. 0. 0. 1. 0. 0.
 0. 0. 0. 0. 1. 0. 0. 0. 0. 0. 0. 0. 0. 0. 0. 0. 0. 1. 1. 1. 0. 1. 1. 0.
 0. 0. 0. 0. 0. 0. 1. 0. 0. 0. 1. 0. 0. 1. 0. 0. 0. 0. 0. 0. 0. 0. 0. 1.
 0. 1. 0. 0. 0. 0. 0. 0. 0. 0. 0. 0. 0. 0. 1. 0. 0. 0. 0. 0. 0. 0. 0. 0.
 0. 1. 1. 0. 0. 1. 0. 0. 0. 0. 0. 0. 0. 1. 0. 0. 0. 0. 1. 0. 0. 0. 1. 0.
 0. 1. 0. 0. 0. 0. 1. 0. 0. 0. 1. 0. 0. 0. 0. 0. 0. 0. 0. 1. 0. 1. 0. 0.
 1. 0. 0. 0. 1. 0. 0. 0. 1. 0. 0. 0. 0. 0. 1. 0. 0. 0. 0. 0. 0. 0. 0. 0.
 0. 0. 0. 0. 0. 0. 0. 0. 0. 0. 0. 1. 1. 0. 0. 0. 0. 0. 0. 0. 0. 0. 0. 0.
 0. 0. 0. 0. 0. 0. 0. 0. 0. 0. 0. 1. 0. 0. 0. 1. 0. 0. 0. 0. 0. 0. 0. 1.
 0. 0. 0. 0. 0. 0. 0. 0. 0. 0. 0. 0. 1. 1. 0. 1. 0. 1. 0. 0. 0. 1. 1. 0.
 0. 0. 1. 0. 1. 0. 1. 0. 1. 0. 0. 0. 0. 1. 1. 0. 0. 0. 0. 0. 0. 0. 0. 0.
 0. 0. 0. 0. 0. 0. 1. 0. 1. 0. 0. 0. 0. 0. 0. 0. 1. 1. 1. 0. 0. 0. 0. 0.
 0. 0. 0. 1. 0. 1. 0. 0. 0. 0. 0. 0. 0. 1. 1. 0. 1. 0. 0. 0. 0. 0. 1. 0.
 0. 0. 0. 0. 0. 0. 1. 0. 0. 0. 1. 0. 0. 1. 1. 0. 1. 0. 0. 0. 0. 0. 0. 0.
 1. 0. 0. 0. 0. 1. 0. 1. 1. 0. 0. 0. 0. 0. 0. 1. 0. 0. 0. 0. 1. 0. 0. 0.
 0. 0. 1. 0. 0. 0. 0. 0. 1. 1. 0. 0. 0. 1. 0. 0. 1. 1. 0. 0. 0. 0. 0. 0.
 0. 0. 1. 0. 0. 0. 0. 0. 1. 1. 0. 0. 0. 0. 0. 1. 1. 0. 0. 0. 0. 1. 0. 1.
 0. 1. 1. 0. 0. 0. 0. 0. 0. 0. 1. 0. 0. 0. 0. 0. 0. 0. 0. 0. 0. 0. 1. 1.
 1. 0. 0. 0. 1. 0. 0. 1. 0. 0. 0. 0. 0. 1. 1. 1. 0. 1. 0. 0. 1. 0. 0. 0.
 0. 0. 0. 0. 0. 0. 0. 0. 0. 0. 0. 0. 1. 0. 1. 1. 0. 0. 0. 0. 0. 1. 0. 0.
 0. 0. 0. 0. 0. 0. 0. 0. 0. 0. 0. 0. 0. 0. 0. 0. 0. 1. 0. 1. 0. 0. 0. 0.
 0. 0. 0. 0. 0. 0. 0. 1. 0. 0. 0. 0. 1. 0. 0. 0. 1. 1. 0. 1. 1. 0. 0. 0.
 0. 0. 0. 0. 0. 0. 0. 1. 0. 0. 1. 0. 0. 0. 0. 0. 0. 0. 0. 0. 0. 0. 0. 0.
 0. 1. 0. 0. 0. 0. 0. 0. 0. 0. 0. 1. 1. 0. 0. 0. 0. 0. 0. 1. 1. 0. 0. 0.
 0. 1. 0. 0. 1. 0. 0. 0. 1. 0. 1. 0. 1. 0. 0. 0. 0. 0. 0. 0. 0. 0. 1. 0.
 0. 0. 1. 0. 1. 0. 0. 0. 0. 1. 1. 0. 0. 0. 0. 0. 0. 0. 0. 0. 1. 0. 1. 1.
 0. 1. 0. 0. 1. 0. 0. 0. 0. 0. 0. 0. 0. 0. 0. 0. 0. 0. 1. 0. 0. 1. 1. 0.
 0. 1. 0. 0. 1. 0. 0. 0. 1. 0. 0. 1. 0. 0. 1. 1. 0. 0. 0. 0. 0. 0. 0. 0.
 0. 0. 0. 1. 0. 0. 0. 0. 0. 0. 0. 1. 0. 0. 0. 0.]",0.561075075075075,0.5963963963963964,0.14401888847351074,More than 1 hour
1000,0.2,2,0.5,"[[ 2.02100097  0.49017924]
 [ 1.6782009  -0.20198687]
 [-0.28224484  0.85878484]
 [-0.02143996  0.17628146]
 [ 0.50484202 -0.3910431 ]
 [ 0.95659588  0.2536649 ]
 [-1.05224971  0.04748077]
 [ 0.47521899  0.8195412 ]
 [ 1.05578369 -0.45486009]
 [-0.81980674  0.53939835]]",10,"[ 1.  2.  3.  4.  5.  1.  6.  3.  3.  5.  7.  4.  2.  3.  4.  6.  2.  8.
  6.  6.  6.  7.  3.  3.  2.  2.  6.  6.  9.  6.  2.  5.  4.  9. 10.  5.
  1.  3.  1.  3.  3.  1.  5.  5.  3.  2.  2.  8.  3.  4.  3.  3.  3.  7.
  2.  4.  3.  3.  1.  3.  4.  5.  8.  8. 10.  8.  3.  4.  3.  4.  5.  3.
  5.  3.  1.  7. 10.  2.  4.  5.  3.  7.  3.  1.  2.  5.  3.  4.  7.  2.
  7.  7.  1.  3.  5.  7.  4.  6.  3.  5.  2.  2.  6.  2.  3.  4.  5.  2.
  1.  8.  6.  4.  7.  4.  3. 10.  4. 10.  7.  4.  9.  2.  8.  1.  6.  2.
  3.  3.  1.  4.  7.  5.  4.  5.  9.  4.  3.  6.  4.  2.  6.  4.  4.  3.
  3.  7. 10. 10.  6.  6.  3.  6. 10.  9.  1.  1.  7.  3.  2.  7.  4.  1.
  5.  2.  1.  3.  3.  1.  3.  7.  1.  9.  8.  2.  7.  5.  3.  5.  2.  8.
  9.  1.  7.  3.  1.  1.  5.  7.  9.  8.  2.  2.  7.  6.  9.  5.  5.  8.
  5.  8.  5.  4.  3.  1.  2.  4.  2.  4.  4.  1.  6.  4.  6.  2.  2.  1.
  8.  8.  6.  4.  2.  4.  1.  3. 10.  3.  4.  4.  6.  7.  4.  3.  4.  9.
  6.  6.  5.  8.  5.  8.  4.  7.  8.  3.  1.  7.  3.  6.  7.  5.  3.  5.
  6.  1.  6.  9.  5.  7.  2.  6.  1.  5.  7.  8.  2.  4.  9.  7.  3. 10.
  5.  4.  6.  8.  9.  2.  2.  4.  7.  8.  1.  3.  3.  2.  9.  6.  2.  2.
  8.  3.  5.  3.  5.  1.  5.  8.  1.  1.  7.  6.  6.  6.  7. 10.  7.  3.
  2.  2.  3.  2.  1.  1.  4.  6.  2.  3.  7.  3.  6.  6.  8.  4.  1.  6.
  3.  6.  6.  3.  3.  2.  2.  9.  6.  2.  6.  7.  8.  5. 10.  5.  1.  7.
  8.  6.  8.  3.  6.  6.  3.  4.  3.  4.  3.  1.  2.  9.  3.  2.  2.  3.
  3.  6.  8. 10.  3.  8.  1.  3.  3.  3.  2.  8.  8.  1.  8.  3.  5.  5.
  3.  6.  4.  3.  8.  2.  4.  2.  4.  7.  6.  5.  5.  3.  3.  4.  6.  6.
  8.  3.  2.  7.  5.  8.  5.  3.  4.  4.  6.  7.  5.  2.  2. 10.  4.  1.
 10.  8.  8.  8.  3.  8.  5.  2.  3.  5.  7.  5.  2.  8.  7.  4.  1.  6.
  6.  2.  4.  3.  3.  8.  2.  4.  5.  8.  1. 10.  6.  5.  5.  3.  3.  5.
  5.  2.  7.  1.  3. 10.  2.  7.  3.  9.  2.  6.  7.  3.  2.  6.  4.  4.
 10.  5.  2.  5.  6.  3.  4.  5.  8.  3.  6.  6.  3.  5.  7.  6.  3.  4.
  7.  8.  5.  3.  4.  2.  1.  5.  8.  5.  8.  3.  5.  3.  5.  8.  5. 10.
  8.  4.  3.  4.  5.  7.  8.  3.  8.  7.  4.  1.  9.  4.  6.  9.  7.  6.
  6.  4.  6. 10.  7.  2.  4.  6.  5.  4.  8.  3.  6.  5.  7.  3.  8.  3.
  1.  2.  4.  2.  3.  2.  6.  5. 10.  2.  2.  6.  8.  3.  2.  9.  2.  4.
  2.  8.  2.  3.  5.  3.  7.  2.  1.  7.  6.  9.  3.  3.  6.  5.  4.  6.
  3.  5.  9.  8.  6.  4.  2.  9.  2.  7.  5.  3.  8.  4.  4.  3.  2.  1.
  2.  6. 10.  4.  7.  7.  5.  5.  4.  2.  5.  1.  3.  5.  5.  4.  8.  3.
  6.  2.  1.  7.  9.  7.  5.  7.  4.  5.  2.  8.  5.  4.  3.  3.  5.  6.
  1.  7.  9.  5.  2.  4.  4.  9.  2.  4.  2.  3.  3.  7.  7.  3.  6.  4.
  1.  6.  5.  7.  4.  1.  8.  1.  1.  5.  5.  8.  8.  4.  4.  2.  8.  6.
  6.  4.  2.  5.  4.  3.  7.  7.  1. 10.  9.  6.  7.  6.  2.  2.  5. 10.
  5.  1.  9.  5.  2.  2.  3.  4.  3.  6.  3.  3.  3.  3.  1.  8.  3.  6.
  6.  4.  2.  1.  8.  8.  3. 10.  9.  2.  2.  9.  8.  8.  7.  2.  3.  2.
  3.  1.  1.  3.  5.  6.  6.  6.  3.  6.  1.  8.  7.  5. 10.  5.  3.  6.
 10.  4.  4.  4.  2.  2.  2.  5.  8.  4.  2.  4.  5.  2.  7.  5.  8.  8.
  4.  2.  2.  2.  5.  1.  5.  5.  2.  5.  3.  6.  6.  3.  3.  5.  8.  3.
  6.  8.  3.  7.  4.  3.  1.  4.  2.  1.  4.  3.  7.  3.  8.  1.  4.  3.
  5.  4.  7.  6.  7.  6.  6.  8.  8.  4.  5.  5.  7.  4.  8.  5.  3.  1.
  3.  2.  3.  7.  7.  4.  6.  3.  3.  3.  3.  6.  3.  2.  5.  3.  3.  4.
  1.  7.  8.  3.  2.  1.  3.  2.  1.  8.  6.  6.  3.  9.  6.  6.  6.  9.
  6.  1.  6.  6.  9. 10.  4.  3.  8.  5.  4.  6.  5.  4.  6.  3.  8.  5.
  6.  2.  4.  3.  3. 10.  8.  3.  4.  4. 10.  2.  2.  3.  5.  3.  4.  8.
  6.  1.  1.  8.  4.  3.  4.  2. 10.  5.  2.  3.  5.  8.  2.  8.  2.  8.
  1.  6.  9.  3.  8.  6.  5.  4.  4.  7.  2.  6.  6.  7.  9.  8.  2.  3.
  6.  3.  3.  2.  1.  7.  6.  4. 10.  3.  3.  9.  7.  4.  2.  6.  1.  1.
  6.  2.  6.  8.  2.  7.  4.  5.  8.  3.  5.  4.  4.  5.  5.  3.  3.  7.
  2.  8.  5.  2.  1.  8.  6.  2.  7.  7.  2.  5.  9.  8.  2.  9.  6.  2.
  4.  5.  2.  1.  8.  6.  4.  7.  5.  3. 10.  4.  7.  6.  4.  2.  5.  3.
  5.  6.  3.  5.  9.  2.  8.  5.  4.  5.]","[1. 1. 0. 0. 0. 1. 0. 0. 0. 0. 0. 0. 1. 0. 0. 0. 1. 0. 0. 0. 0. 0. 0. 0.
 1. 1. 0. 0. 0. 0. 1. 0. 0. 1. 0. 0. 1. 0. 1. 0. 0. 1. 0. 0. 0. 1. 1. 0.
 0. 0. 0. 0. 0. 0. 1. 0. 0. 0. 1. 0. 0. 0. 0. 0. 0. 0. 0. 0. 0. 0. 0. 0.
 0. 0. 1. 0. 0. 1. 0. 0. 0. 0. 0. 1. 1. 0. 0. 0. 0. 1. 0. 0. 1. 0. 0. 0.
 0. 0. 0. 0. 1. 1. 0. 1. 0. 0. 0. 1. 1. 0. 0. 0. 0. 0. 0. 0. 0. 0. 0. 0.
 1. 1. 0. 1. 0. 1. 0. 0. 1. 0. 0. 0. 0. 0. 0. 0. 0. 0. 0. 1. 0. 0. 0. 0.
 0. 0. 0. 0. 0. 0. 0. 0. 0. 0. 1. 1. 0. 0. 1. 0. 0. 1. 0. 1. 1. 0. 0. 1.
 0. 0. 1. 1. 0. 1. 0. 0. 0. 0. 1. 0. 0. 1. 0. 0. 1. 1. 0. 0. 0. 0. 1. 1.
 0. 0. 0. 0. 0. 0. 0. 0. 0. 0. 0. 1. 1. 0. 1. 0. 0. 1. 0. 0. 0. 1. 1. 1.
 0. 0. 0. 0. 1. 0. 1. 0. 0. 0. 0. 0. 0. 0. 0. 0. 0. 0. 0. 0. 0. 0. 0. 0.
 0. 0. 0. 0. 1. 0. 0. 0. 0. 0. 0. 0. 0. 1. 0. 0. 0. 0. 1. 0. 1. 0. 0. 0.
 1. 0. 0. 0. 0. 0. 0. 0. 0. 0. 0. 1. 1. 0. 0. 0. 1. 0. 0. 1. 1. 0. 1. 1.
 0. 0. 0. 0. 0. 1. 0. 0. 1. 1. 0. 0. 0. 0. 0. 0. 0. 0. 1. 1. 0. 1. 1. 1.
 0. 0. 1. 0. 0. 0. 0. 0. 0. 0. 1. 0. 0. 0. 0. 0. 0. 1. 1. 0. 0. 1. 0. 0.
 0. 0. 0. 0. 1. 0. 0. 0. 0. 0. 0. 0. 0. 0. 0. 0. 0. 1. 1. 1. 0. 1. 1. 0.
 0. 0. 0. 0. 0. 0. 1. 0. 0. 0. 1. 0. 0. 1. 0. 0. 0. 0. 0. 0. 0. 0. 0. 1.
 0. 1. 0. 0. 0. 0. 0. 0. 0. 0. 0. 0. 0. 0. 1. 0. 0. 0. 0. 0. 0. 0. 0. 0.
 0. 1. 1. 0. 0. 1. 0. 0. 0. 0. 0. 0. 0. 1. 0. 0. 0. 0. 1. 0. 0. 0. 1. 0.
 0. 1. 0. 0. 0. 0. 1. 0. 0. 0. 1. 0. 0. 0. 0. 0. 0. 0. 0. 1. 0. 1. 0. 0.
 1. 0. 0. 0. 1. 0. 0. 0. 1. 0. 0. 0. 0. 0. 1. 0. 0. 0. 0. 0. 0. 0. 0. 0.
 0. 0. 0. 0. 0. 0. 0. 0. 0. 0. 0. 1. 1. 0. 0. 0. 0. 0. 0. 0. 0. 0. 0. 0.
 0. 0. 0. 0. 0. 0. 0. 0. 0. 0. 0. 1. 0. 0. 0. 1. 0. 0. 0. 0. 0. 0. 0. 1.
 0. 0. 0. 0. 0. 0. 0. 0. 0. 0. 0. 0. 1. 1. 0. 1. 0. 1. 0. 0. 0. 1. 1. 0.
 0. 0. 1. 0. 1. 0. 1. 0. 1. 0. 0. 0. 0. 1. 1. 0. 0. 0. 0. 0. 0. 0. 0. 0.
 0. 0. 0. 0. 0. 0. 1. 0. 1. 0. 0. 0. 0. 0. 0. 0. 1. 1. 1. 0. 0. 0. 0. 0.
 0. 0. 0. 1. 0. 1. 0. 0. 0. 0. 0. 0. 0. 1. 1. 0. 1. 0. 0. 0. 0. 0. 1. 0.
 0. 0. 0. 0. 0. 0. 1. 0. 0. 0. 1. 0. 0. 1. 1. 0. 1. 0. 0. 0. 0. 0. 0. 0.
 1. 0. 0. 0. 0. 1. 0. 1. 1. 0. 0. 0. 0. 0. 0. 1. 0. 0. 0. 0. 1. 0. 0. 0.
 0. 0. 1. 0. 0. 0. 0. 0. 1. 1. 0. 0. 0. 1. 0. 0. 1. 1. 0. 0. 0. 0. 0. 0.
 0. 0. 1. 0. 0. 0. 0. 0. 1. 1. 0. 0. 0. 0. 0. 1. 1. 0. 0. 0. 0. 1. 0. 1.
 0. 1. 1. 0. 0. 0. 0. 0. 0. 0. 1. 0. 0. 0. 0. 0. 0. 0. 0. 0. 0. 0. 1. 1.
 1. 0. 0. 0. 1. 0. 0. 1. 0. 0. 0. 0. 0. 1. 1. 1. 0. 1. 0. 0. 1. 0. 0. 0.
 0. 0. 0. 0. 0. 0. 0. 0. 0. 0. 0. 0. 1. 0. 1. 1. 0. 0. 0. 0. 0. 1. 0. 0.
 0. 0. 0. 0. 0. 0. 0. 0. 0. 0. 0. 0. 0. 0. 0. 0. 0. 1. 0. 1. 0. 0. 0. 0.
 0. 0. 0. 0. 0. 0. 0. 1. 0. 0. 0. 0. 1. 0. 0. 0. 1. 1. 0. 1. 1. 0. 0. 0.
 0. 0. 0. 0. 0. 0. 0. 1. 0. 0. 1. 0. 0. 0. 0. 0. 0. 0. 0. 0. 0. 0. 0. 0.
 0. 1. 0. 0. 0. 0. 0. 0. 0. 0. 0. 1. 1. 0. 0. 0. 0. 0. 0. 1. 1. 0. 0. 0.
 0. 1. 0. 0. 1. 0. 0. 0. 1. 0. 1. 0. 1. 0. 0. 0. 0. 0. 0. 0. 0. 0. 1. 0.
 0. 0. 1. 0. 1. 0. 0. 0. 0. 1. 1. 0. 0. 0. 0. 0. 0. 0. 0. 0. 1. 0. 1. 1.
 0. 1. 0. 0. 1. 0. 0. 0. 0. 0. 0. 0. 0. 0. 0. 0. 0. 0. 1. 0. 0. 1. 1. 0.
 0. 1. 0. 0. 1. 0. 0. 0. 1. 0. 0. 1. 0. 0. 1. 1. 0. 0. 0. 0. 0. 0. 0. 0.
 0. 0. 0. 1. 0. 0. 0. 0. 0. 0. 0. 1. 0. 0. 0. 0.]",0.612052052052052,0.5963963963963964,0.07931709289550781,More than 1 hour
1000,0.2,2,0.75,"[[ 2.02100097  0.49017924]
 [ 1.6782009  -0.20198687]
 [-0.28224484  0.85878484]
 [ 0.50484202 -0.3910431 ]
 [ 0.95659588  0.2536649 ]
 [-1.05224971  0.04748077]
 [ 0.5136291   0.94808625]]",7,"[1. 2. 3. 3. 4. 1. 5. 3. 3. 4. 6. 4. 2. 3. 4. 5. 1. 5. 2. 5. 4. 6. 3. 3.
 1. 2. 5. 5. 2. 4. 2. 4. 4. 2. 3. 4. 1. 3. 1. 3. 3. 1. 4. 4. 3. 2. 2. 5.
 3. 4. 3. 3. 3. 6. 2. 4. 3. 3. 1. 3. 4. 4. 5. 3. 3. 3. 3. 3. 3. 4. 4. 3.
 2. 3. 1. 6. 3. 2. 4. 4. 3. 6. 3. 1. 1. 4. 3. 3. 6. 2. 6. 6. 1. 3. 4. 6.
 4. 5. 3. 4. 2. 2. 5. 1. 3. 4. 4. 2. 1. 3. 5. 4. 6. 3. 3. 3. 3. 3. 6. 3.
 2. 1. 5. 1. 5. 2. 3. 3. 1. 4. 6. 4. 4. 4. 2. 4. 3. 2. 3. 1. 5. 4. 3. 3.
 3. 3. 3. 3. 5. 5. 3. 5. 3. 2. 1. 1. 6. 3. 2. 6. 4. 1. 4. 2. 1. 3. 3. 1.
 3. 3. 1. 2. 5. 2. 6. 4. 3. 4. 1. 5. 2. 1. 6. 3. 1. 1. 4. 6. 2. 3. 2. 2.
 3. 4. 2. 4. 4. 3. 4. 5. 4. 3. 3. 1. 2. 4. 2. 3. 3. 1. 5. 4. 4. 1. 1. 1.
 7. 5. 4. 4. 2. 4. 1. 3. 3. 3. 4. 3. 4. 3. 3. 3. 4. 2. 5. 5. 4. 3. 4. 3.
 3. 6. 3. 3. 1. 6. 3. 2. 6. 4. 3. 4. 5. 1. 5. 2. 4. 6. 1. 5. 1. 4. 6. 5.
 2. 4. 2. 6. 3. 3. 4. 4. 5. 7. 2. 2. 2. 3. 6. 3. 1. 3. 3. 2. 2. 5. 2. 2.
 5. 3. 4. 3. 4. 1. 4. 3. 1. 1. 6. 2. 5. 5. 6. 3. 6. 3. 2. 1. 3. 2. 1. 1.
 3. 4. 1. 3. 3. 3. 5. 5. 3. 3. 1. 5. 3. 5. 5. 3. 3. 2. 2. 2. 5. 2. 5. 6.
 5. 4. 3. 4. 1. 6. 5. 4. 5. 3. 5. 4. 3. 4. 3. 4. 3. 1. 2. 2. 3. 1. 2. 3.
 3. 4. 3. 3. 3. 3. 1. 3. 3. 3. 1. 3. 3. 1. 5. 3. 4. 4. 3. 5. 3. 3. 3. 2.
 4. 1. 4. 6. 2. 4. 4. 3. 3. 4. 5. 5. 5. 3. 2. 6. 4. 5. 4. 3. 4. 4. 5. 6.
 4. 2. 2. 3. 4. 1. 3. 3. 5. 3. 3. 3. 4. 2. 3. 4. 6. 4. 2. 5. 6. 4. 1. 5.
 5. 1. 3. 3. 3. 5. 2. 4. 4. 3. 1. 3. 5. 4. 4. 3. 3. 4. 4. 1. 6. 1. 3. 3.
 1. 6. 3. 2. 1. 4. 6. 3. 1. 2. 4. 3. 3. 4. 2. 4. 5. 3. 3. 4. 3. 3. 5. 5.
 3. 4. 6. 2. 3. 3. 6. 3. 4. 3. 4. 2. 1. 4. 3. 4. 3. 3. 4. 3. 4. 3. 4. 3.
 3. 3. 3. 3. 4. 6. 5. 3. 7. 6. 4. 1. 2. 4. 5. 2. 6. 5. 5. 4. 2. 3. 6. 2.
 3. 5. 4. 4. 3. 3. 5. 4. 6. 3. 5. 3. 1. 1. 4. 2. 3. 2. 4. 4. 3. 1. 1. 2.
 5. 3. 1. 2. 2. 4. 1. 3. 2. 3. 4. 3. 3. 2. 1. 6. 5. 2. 3. 3. 5. 4. 3. 5.
 3. 4. 2. 5. 2. 3. 2. 2. 2. 3. 4. 3. 7. 4. 3. 3. 1. 1. 2. 5. 3. 4. 6. 6.
 4. 4. 3. 1. 4. 1. 3. 4. 4. 4. 3. 3. 5. 2. 1. 6. 2. 6. 4. 6. 4. 4. 1. 3.
 4. 4. 3. 3. 4. 4. 1. 6. 2. 4. 2. 3. 4. 2. 1. 3. 1. 3. 3. 6. 3. 3. 5. 4.
 1. 4. 4. 6. 4. 1. 7. 1. 1. 4. 4. 3. 3. 4. 3. 2. 5. 5. 4. 4. 1. 4. 3. 3.
 6. 6. 1. 3. 2. 5. 6. 5. 2. 1. 4. 3. 4. 1. 2. 4. 1. 2. 3. 4. 3. 5. 3. 3.
 3. 3. 1. 5. 3. 5. 5. 3. 2. 1. 3. 3. 3. 3. 2. 2. 1. 2. 3. 5. 6. 2. 3. 2.
 3. 1. 1. 3. 4. 5. 5. 5. 3. 5. 1. 3. 6. 4. 3. 4. 3. 5. 3. 4. 4. 3. 2. 2.
 2. 4. 3. 3. 2. 4. 4. 2. 6. 4. 5. 3. 4. 2. 2. 2. 4. 1. 4. 4. 1. 4. 3. 5.
 2. 3. 3. 4. 5. 3. 5. 3. 3. 6. 4. 3. 1. 4. 2. 1. 3. 3. 6. 3. 5. 1. 3. 3.
 4. 4. 6. 5. 6. 2. 5. 5. 5. 3. 4. 4. 6. 4. 5. 4. 3. 1. 3. 1. 3. 6. 3. 4.
 4. 3. 3. 3. 3. 5. 3. 2. 4. 3. 3. 4. 1. 6. 3. 3. 2. 1. 3. 2. 1. 3. 4. 5.
 3. 2. 2. 4. 5. 2. 5. 1. 4. 5. 2. 3. 4. 3. 5. 4. 4. 5. 4. 4. 5. 3. 5. 4.
 5. 1. 3. 3. 3. 3. 3. 3. 4. 4. 3. 2. 2. 3. 4. 3. 4. 3. 5. 1. 1. 5. 4. 3.
 4. 2. 3. 4. 2. 3. 4. 5. 2. 3. 2. 5. 1. 5. 2. 3. 3. 5. 4. 4. 4. 3. 1. 5.
 5. 6. 2. 5. 1. 3. 5. 3. 3. 1. 1. 6. 5. 4. 3. 3. 3. 2. 6. 3. 1. 5. 1. 1.
 5. 2. 4. 3. 2. 6. 3. 4. 5. 3. 4. 4. 3. 4. 4. 3. 3. 3. 1. 5. 4. 2. 1. 3.
 5. 2. 6. 3. 2. 4. 2. 5. 1. 2. 5. 2. 3. 4. 2. 1. 3. 5. 4. 6. 4. 3. 3. 4.
 6. 5. 4. 2. 4. 3. 4. 2. 3. 4. 2. 2. 3. 4. 4. 4.]","[1. 1. 0. 0. 0. 1. 0. 0. 0. 0. 0. 0. 1. 0. 0. 0. 1. 0. 0. 0. 0. 0. 0. 0.
 1. 1. 0. 0. 0. 0. 1. 0. 0. 1. 0. 0. 1. 0. 1. 0. 0. 1. 0. 0. 0. 1. 1. 0.
 0. 0. 0. 0. 0. 0. 1. 0. 0. 0. 1. 0. 0. 0. 0. 0. 0. 0. 0. 0. 0. 0. 0. 0.
 0. 0. 1. 0. 0. 1. 0. 0. 0. 0. 0. 1. 1. 0. 0. 0. 0. 1. 0. 0. 1. 0. 0. 0.
 0. 0. 0. 0. 1. 1. 0. 1. 0. 0. 0. 1. 1. 0. 0. 0. 0. 0. 0. 0. 0. 0. 0. 0.
 1. 1. 0. 1. 0. 1. 0. 0. 1. 0. 0. 0. 0. 0. 0. 0. 0. 0. 0. 1. 0. 0. 0. 0.
 0. 0. 0. 0. 0. 0. 0. 0. 0. 0. 1. 1. 0. 0. 1. 0. 0. 1. 0. 1. 1. 0. 0. 1.
 0. 0. 1. 1. 0. 1. 0. 0. 0. 0. 1. 0. 0. 1. 0. 0. 1. 1. 0. 0. 0. 0. 1. 1.
 0. 0. 0. 0. 0. 0. 0. 0. 0. 0. 0. 1. 1. 0. 1. 0. 0. 1. 0. 0. 0. 1. 1. 1.
 0. 0. 0. 0. 1. 0. 1. 0. 0. 0. 0. 0. 0. 0. 0. 0. 0. 0. 0. 0. 0. 0. 0. 0.
 0. 0. 0. 0. 1. 0. 0. 0. 0. 0. 0. 0. 0. 1. 0. 0. 0. 0. 1. 0. 1. 0. 0. 0.
 1. 0. 0. 0. 0. 0. 0. 0. 0. 0. 0. 1. 1. 0. 0. 0. 1. 0. 0. 1. 1. 0. 1. 1.
 0. 0. 0. 0. 0. 1. 0. 0. 1. 1. 0. 0. 0. 0. 0. 0. 0. 0. 1. 1. 0. 1. 1. 1.
 0. 0. 1. 0. 0. 0. 0. 0. 0. 0. 1. 0. 0. 0. 0. 0. 0. 1. 1. 0. 0. 1. 0. 0.
 0. 0. 0. 0. 1. 0. 0. 0. 0. 0. 0. 0. 0. 0. 0. 0. 0. 1. 1. 1. 0. 1. 1. 0.
 0. 0. 0. 0. 0. 0. 1. 0. 0. 0. 1. 0. 0. 1. 0. 0. 0. 0. 0. 0. 0. 0. 0. 1.
 0. 1. 0. 0. 0. 0. 0. 0. 0. 0. 0. 0. 0. 0. 1. 0. 0. 0. 0. 0. 0. 0. 0. 0.
 0. 1. 1. 0. 0. 1. 0. 0. 0. 0. 0. 0. 0. 1. 0. 0. 0. 0. 1. 0. 0. 0. 1. 0.
 0. 1. 0. 0. 0. 0. 1. 0. 0. 0. 1. 0. 0. 0. 0. 0. 0. 0. 0. 1. 0. 1. 0. 0.
 1. 0. 0. 0. 1. 0. 0. 0. 1. 0. 0. 0. 0. 0. 1. 0. 0. 0. 0. 0. 0. 0. 0. 0.
 0. 0. 0. 0. 0. 0. 0. 0. 0. 0. 0. 1. 1. 0. 0. 0. 0. 0. 0. 0. 0. 0. 0. 0.
 0. 0. 0. 0. 0. 0. 0. 0. 0. 0. 0. 1. 0. 0. 0. 1. 0. 0. 0. 0. 0. 0. 0. 1.
 0. 0. 0. 0. 0. 0. 0. 0. 0. 0. 0. 0. 1. 1. 0. 1. 0. 1. 0. 0. 0. 1. 1. 0.
 0. 0. 1. 0. 1. 0. 1. 0. 1. 0. 0. 0. 0. 1. 1. 0. 0. 0. 0. 0. 0. 0. 0. 0.
 0. 0. 0. 0. 0. 0. 1. 0. 1. 0. 0. 0. 0. 0. 0. 0. 1. 1. 1. 0. 0. 0. 0. 0.
 0. 0. 0. 1. 0. 1. 0. 0. 0. 0. 0. 0. 0. 1. 1. 0. 1. 0. 0. 0. 0. 0. 1. 0.
 0. 0. 0. 0. 0. 0. 1. 0. 0. 0. 1. 0. 0. 1. 1. 0. 1. 0. 0. 0. 0. 0. 0. 0.
 1. 0. 0. 0. 0. 1. 0. 1. 1. 0. 0. 0. 0. 0. 0. 1. 0. 0. 0. 0. 1. 0. 0. 0.
 0. 0. 1. 0. 0. 0. 0. 0. 1. 1. 0. 0. 0. 1. 0. 0. 1. 1. 0. 0. 0. 0. 0. 0.
 0. 0. 1. 0. 0. 0. 0. 0. 1. 1. 0. 0. 0. 0. 0. 1. 1. 0. 0. 0. 0. 1. 0. 1.
 0. 1. 1. 0. 0. 0. 0. 0. 0. 0. 1. 0. 0. 0. 0. 0. 0. 0. 0. 0. 0. 0. 1. 1.
 1. 0. 0. 0. 1. 0. 0. 1. 0. 0. 0. 0. 0. 1. 1. 1. 0. 1. 0. 0. 1. 0. 0. 0.
 0. 0. 0. 0. 0. 0. 0. 0. 0. 0. 0. 0. 1. 0. 1. 1. 0. 0. 0. 0. 0. 1. 0. 0.
 0. 0. 0. 0. 0. 0. 0. 0. 0. 0. 0. 0. 0. 0. 0. 0. 0. 1. 0. 1. 0. 0. 0. 0.
 0. 0. 0. 0. 0. 0. 0. 1. 0. 0. 0. 0. 1. 0. 0. 0. 1. 1. 0. 1. 1. 0. 0. 0.
 0. 0. 0. 0. 0. 0. 0. 1. 0. 0. 1. 0. 0. 0. 0. 0. 0. 0. 0. 0. 0. 0. 0. 0.
 0. 1. 0. 0. 0. 0. 0. 0. 0. 0. 0. 1. 1. 0. 0. 0. 0. 0. 0. 1. 1. 0. 0. 0.
 0. 1. 0. 0. 1. 0. 0. 0. 1. 0. 1. 0. 1. 0. 0. 0. 0. 0. 0. 0. 0. 0. 1. 0.
 0. 0. 1. 0. 1. 0. 0. 0. 0. 1. 1. 0. 0. 0. 0. 0. 0. 0. 0. 0. 1. 0. 1. 1.
 0. 1. 0. 0. 1. 0. 0. 0. 0. 0. 0. 0. 0. 0. 0. 0. 0. 0. 1. 0. 0. 1. 1. 0.
 0. 1. 0. 0. 1. 0. 0. 0. 1. 0. 0. 1. 0. 0. 1. 1. 0. 0. 0. 0. 0. 0. 0. 0.
 0. 0. 0. 1. 0. 0. 0. 0. 0. 0. 0. 1. 0. 0. 0. 0.]",0.6255815815815816,0.5963963963963964,0.05136704444885254,More than 1 hour
2000,0.2,4,0.1,"[[ 0.31460008  0.92620552]
 [ 0.17490991 -0.10528552]
 [ 0.04892913  0.05203496]
 [-0.67318415  0.79895685]
 [ 1.87613865 -0.1869909 ]
 [ 1.09011475 -0.52748639]
 [ 0.4311344  -0.37710437]
 [ 1.91306436  0.06372237]
 [ 1.00331724  0.07564586]
 [ 0.33330974 -0.24148564]
 [ 0.65719844  0.6339375 ]
 [ 0.82188944  0.49353779]
 [ 0.10580702  1.00527934]
 [ 1.96659445  0.32136872]
 [ 1.9044695   0.16582713]
 [-0.85260518  0.57673888]
 [ 1.21088241 -0.49283238]
 [ 0.148147    0.21320669]
 [ 0.60330644 -0.40453546]
 [ 1.74397811 -0.28022104]
 [ 0.14290627  0.40711093]
 [ 0.21761266  0.99301739]
 [ 0.91857779  0.52636563]
 [-0.02401421  0.96952617]
 [-0.95385047  0.03561934]
 [ 1.3693605  -0.44030048]
 [ 0.49213288  0.9139618 ]
 [ 0.54060746  0.72515666]
 [-0.23707585  0.99546291]
 [ 0.65112424  0.83896282]
 [-0.97705627  0.21485606]
 [ 1.76113654 -0.04954406]
 [ 0.04942106  0.46165309]
 [ 1.08019281  0.14348258]
 [ 0.32518112 -0.13869577]
 [-0.88393423  0.34179626]
 [ 1.5884854  -0.32762467]
 [ 0.94776668 -0.56070894]
 [ 1.00872791  0.36099602]
 [ 0.71694633  0.76196481]
 [ 0.7812522  -0.39685738]
 [ 2.04802786  0.51129202]
 [ 1.08456056  0.2547881 ]
 [ 0.33185448 -0.34392289]
 [-1.08686682  0.37586041]
 [ 1.7745671   0.06246848]
 [-1.10336053  0.13939732]
 [-0.49089347  0.82046998]
 [ 0.96657014  0.21157033]
 [ 0.96182637 -0.03176122]
 [-0.74601493  0.64070392]
 [ 0.9234687   0.42403269]
 [ 0.75858715  0.6553646 ]
 [ 1.47303176 -0.41445126]
 [-0.48498122  0.98668201]
 [ 0.90856196  0.31949655]
 [ 1.99349486  0.21807461]
 [-0.09784742  1.1308009 ]
 [ 1.47158499 -0.28121637]
 [ 0.52224414 -0.28816695]
 [ 0.04787952  0.32182084]
 [ 0.21932032  0.85581786]
 [ 0.16488992  0.05509618]
 [-0.14812899  0.48747183]
 [-0.37934261  0.90463184]
 [-0.12404239  1.0192053 ]
 [-1.07922368  0.04222272]
 [ 1.60547277 -0.22155362]
 [ 1.70596605 -0.14133255]
 [ 0.04020697  0.2156469 ]
 [ 0.23257387 -0.21449922]
 [ 2.02246293  0.4128383 ]
 [ 1.38973196 -0.55842723]
 [-0.24994314  1.09969264]
 [-0.93191165  0.4804297 ]
 [-0.04607199  0.55488455]
 [-0.06990127  0.40426121]
 [ 1.06924344 -0.38915666]
 [ 1.37329387 -0.32777445]
 [-0.60585272  0.89350192]
 [ 0.90596193  0.63654995]
 [ 0.91480377 -0.38644147]
 [ 0.73607811 -0.50789733]
 [-0.77485225  0.75870033]
 [ 0.87955709  0.07705849]
 [ 0.37219496  1.02202429]
 [-0.8295791   0.46513152]
 [ 0.41473699  0.81960619]
 [-0.27010051  0.90067484]
 [ 1.86062998 -0.03805438]
 [ 1.2639881  -0.36814072]
 [-0.12946276  0.89448557]
 [ 0.85892952 -0.49162489]
 [-0.84310046  0.15529685]
 [ 0.68158934  0.51359475]
 [-0.63750243  0.70387884]
 [ 0.63273999 -0.5152995 ]
 [ 1.88213153  0.39187992]
 [ 0.01509295  1.09782853]
 [ 0.53342643 -0.48951216]
 [ 0.06538258 -0.15851834]
 [-0.97197358 -0.06794479]
 [ 1.91457902  0.57835438]
 [ 2.09530606  0.32217596]
 [ 0.54642161  0.82963886]
 [ 0.82686318 -0.59365272]
 [-0.03732177  0.10776545]
 [-0.6178777   0.59821909]
 [ 0.86169284  0.20955328]
 [-0.99909984  0.32477408]
 [ 0.245423   -0.0221102 ]
 [-0.71192082  0.54519207]]",112,[1. 2. 2. ... 2. 1. 1.],[1. 0. 0. ... 0. 1. 1.],1.0,0.7065777888944472,1.2295546531677246,More than 1 hour
2000,0.2,4,0.25,"[[ 0.31460008  0.92620552]
 [ 0.17490991 -0.10528552]
 [-0.67318415  0.79895685]
 [ 1.87613865 -0.1869909 ]
 [ 1.09011475 -0.52748639]
 [ 0.4311344  -0.37710437]
 [ 1.91306436  0.06372237]
 [ 1.00331724  0.07564586]
 [ 0.65719844  0.6339375 ]
 [ 1.96659445  0.32136872]
 [-0.85260518  0.57673888]
 [ 0.148147    0.21320669]
 [ 0.08183093  1.03108562]
 [ 0.91857779  0.52636563]
 [-0.95385047  0.03561934]
 [ 1.3693605  -0.44030048]
 [-0.23707585  0.99546291]
 [ 0.04942106  0.46165309]
 [-0.9990108   0.3015849 ]
 [ 0.56962592  0.91790469]
 [ 1.60797788 -0.26942653]
 [ 0.7812522  -0.39685738]
 [ 1.91457902  0.57835438]]",23,[ 1.  2.  2. ... 16. 17.  3.],[1. 0. 0. ... 0. 1. 1.],0.5563306653326663,0.7065777888944472,0.3046243190765381,More than 1 hour
2000,0.2,4,0.5,"[[ 0.31460008  0.92620552]
 [ 0.17490991 -0.10528552]
 [-0.67318415  0.79895685]
 [ 1.87613865 -0.1869909 ]
 [ 1.09011475 -0.52748639]
 [ 1.00331724  0.07564586]
 [ 1.96659445  0.32136872]
 [ 0.60330644 -0.40453546]
 [ 0.14290627  0.40711093]
 [-0.95385047  0.03561934]
 [ 0.75858715  0.6553646 ]
 [-0.24994314  1.09969264]]",12,[1. 2. 2. ... 4. 1. 3.],[1. 0. 0. ... 0. 1. 1.],0.6280945472736368,0.7065777888944472,0.152146577835083,More than 1 hour
2000,0.2,4,0.75,"[[ 0.31460008  0.92620552]
 [ 0.17490991 -0.10528552]
 [-0.67318415  0.79895685]
 [ 1.87613865 -0.1869909 ]
 [ 1.09011475 -0.52748639]
 [-0.95385047  0.03561934]
 [ 1.00872791  0.36099602]
 [ 1.91457902  0.57835438]]",8,[1. 2. 2. ... 4. 1. 3.],[1. 0. 0. ... 0. 1. 1.],0.6455572786393197,0.7065777888944472,0.11584877967834473,More than 1 hour
3000,0.2,6,0.1,"[[ 0.82728432  0.61856501]
 [-0.57190422  0.783818  ]
 [-0.03663973  0.30104457]
 [ 2.00960477  0.37345152]
 [ 1.97080383  0.51776065]
 [ 0.66795763 -0.38707407]
 [ 0.9729191  -0.60140531]
 [ 0.11428953  1.02737669]
 [ 1.54342276 -0.28350674]
 [ 0.13436523  0.08467228]
 [ 0.46093143  0.90412053]
 [ 0.99678657  0.21114567]
 [ 1.09697036 -0.40507253]
 [-0.40199348  1.01508165]
 [ 0.60383484  0.78873981]
 [ 1.68130374 -0.24947778]
 [ 1.74503237 -0.05608026]
 [-0.77969671  0.63362277]
 [ 1.04142535  0.00581901]
 [ 1.92615309 -0.01327535]
 [ 0.09985236 -0.01845429]
 [-0.60124534  0.88692467]
 [-1.0040785   0.02612593]
 [-0.02136262  1.0022132 ]
 [ 0.79955203 -0.45231015]
 [ 0.25761298 -0.20027538]
 [-0.98819338  0.1807354 ]
 [-0.42912595  0.81085567]
 [ 0.89823389  0.2605696 ]
 [ 1.96070239  0.21111164]
 [-0.87030086  0.57654038]
 [ 0.70162069 -0.48695337]
 [ 0.38469904  1.0025979 ]
 [-0.93584949  0.38891672]
 [-0.76468482  0.52078324]
 [ 0.28768871  0.97806081]
 [ 1.41058444 -0.40375215]
 [ 1.30497012 -0.50383968]
 [-0.24506356  1.05849176]
 [-0.03074242  0.41499168]
 [ 0.55176806 -0.38087502]
 [ 0.18194386  0.93352904]
 [-0.16518342  0.96250213]
 [-0.30337293  0.93353081]
 [ 0.37199372 -0.25342014]
 [ 0.93858914  0.36896642]
 [-0.75786108  0.79730104]
 [ 0.18465222 -0.09199185]
 [ 1.07209356 -0.53062886]
 [-1.01536767  0.28376584]
 [ 1.06304249  0.29749864]
 [ 0.87362684 -0.35181479]
 [ 0.23789595  1.09021307]
 [ 0.11899987  0.24331552]
 [-0.50923432  0.94279674]
 [ 0.44342989  0.76265983]
 [ 1.48773269 -0.49806123]
 [ 0.89417553 -0.51111268]
 [ 0.65690568  0.66232729]
 [ 0.43925968 -0.35757975]
 [ 1.94933881  0.10082051]
 [ 0.652816    0.90602552]
 [ 0.93812514  0.10930255]
 [ 1.56427245 -0.43010967]
 [ 0.90805791  0.49873815]
 [ 0.59139496 -0.2815594 ]
 [-0.89629289  0.27330975]
 [ 1.23077545 -0.41312094]
 [ 0.87221621 -0.05885711]
 [ 1.17894909 -0.53862428]
 [ 1.70924704 -0.37057266]
 [-0.82581815  0.39475371]
 [ 1.82821099 -0.147371  ]
 [ 0.10116003  0.46785529]
 [-0.65592561  0.68915301]
 [ 1.33587142 -0.32913622]
 [ 1.602755   -0.16624649]
 [ 0.49203625  1.0488511 ]
 [ 0.01357884  0.17703704]
 [ 0.77228658  0.71525284]
 [ 2.07430702  0.21819316]
 [-0.95200098  0.51206346]
 [ 1.8191302   0.03541486]
 [ 0.98009134 -0.45230646]
 [-0.83920822  0.71969421]
 [ 0.54942501 -0.49770739]
 [ 0.34568885  0.87253083]
 [ 0.02975573  0.05366136]
 [ 0.22527042  0.02869982]
 [-0.8729073   0.17397565]
 [ 1.84300643  0.18788037]
 [ 1.43901102 -0.2538007 ]
 [ 2.11292065  0.52382214]
 [ 0.28589995 -0.38967872]
 [ 1.87000422  0.40509424]
 [-0.00738004  0.52299321]
 [ 0.79430372  0.41423572]
 [ 0.32447906 -0.07761054]
 [ 0.05475486  0.35124074]
 [ 0.94538961  0.64991342]
 [ 0.98918701  0.55877162]
 [-0.8978347   0.04374755]
 [ 0.70548675  0.8088769 ]
 [ 0.76391337 -0.56644083]
 [ 0.43192433 -0.48010515]
 [ 1.12284931  0.20652696]
 [ 1.86934141  0.56212915]
 [ 0.15652875 -0.22694045]
 [ 0.53809741  0.71207339]
 [ 0.45845954 -0.18813012]
 [ 1.0732111   0.11813137]
 [-1.07466059  0.11393169]
 [-0.04748956  0.89176332]
 [-0.13158387  1.11319311]
 [-0.0860297   0.2101681 ]]",115,[1. 1. 2. ... 2. 2. 2.],[1. 0. 0. ... 0. 0. 0.],1.0,0.6128418361676115,2.243553638458252,More than 1 hour
3000,0.2,6,0.25,"[[ 0.82728432  0.61856501]
 [-0.57190422  0.783818  ]
 [-0.03663973  0.30104457]
 [ 2.00960477  0.37345152]
 [ 0.66795763 -0.38707407]
 [ 0.9729191  -0.60140531]
 [ 0.11428953  1.02737669]
 [ 1.54342276 -0.28350674]
 [ 0.13436523  0.08467228]
 [ 0.46093143  0.90412053]
 [ 0.99678657  0.21114567]
 [-0.40199348  1.01508165]
 [ 1.74503237 -0.05608026]
 [-0.77969671  0.63362277]
 [-1.0040785   0.02612593]
 [ 0.25761298 -0.20027538]
 [-0.93584949  0.38891672]
 [ 1.30497012 -0.50383968]
 [ 1.92844028  0.13465136]
 [ 0.87221621 -0.05885711]
 [-0.10633826  0.88875547]
 [ 0.43192433 -0.48010515]
 [ 0.92046437 -0.35339019]
 [ 0.02401112  0.5598323 ]
 [ 0.78182978  0.34979028]
 [ 1.79180077 -0.31502931]]",26,[ 1.  2.  3. ...  3.  8. 13.],[1. 0. 0. ... 0. 0. 0.],0.5590347893742359,0.6128418361676115,0.451366662979126,More than 1 hour
3000,0.2,6,0.5,"[[ 0.82728432  0.61856501]
 [-0.57190422  0.783818  ]
 [-0.03663973  0.30104457]
 [ 2.00960477  0.37345152]
 [ 0.66795763 -0.38707407]
 [ 0.11428953  1.02737669]
 [ 1.54342276 -0.28350674]
 [ 1.04142535  0.00581901]
 [-1.0040785   0.02612593]
 [ 1.13162553 -0.58481103]
 [ 0.20545006 -0.17488853]]",11,[1. 2. 3. ... 3. 7. 7.],[1. 0. 0. ... 0. 0. 0.],0.6267164610425697,0.6128418361676115,0.21854448318481445,More than 1 hour
3000,0.2,6,0.75,"[[ 0.82728432  0.61856501]
 [-0.57190422  0.783818  ]
 [ 2.00960477  0.37345152]
 [ 0.66795763 -0.38707407]
 [ 1.54342276 -0.28350674]
 [ 0.01312044  0.22346454]
 [-1.0040785   0.02612593]
 [ 0.23789595  1.09021307]]",8,[1. 2. 2. ... 6. 3. 3.],[1. 0. 0. ... 0. 0. 0.],0.6827413582305213,0.6128418361676115,0.17903470993041992,More than 1 hour
4000,0.2,8,0.1,"[[ 1.28395821e-02  1.53439456e-01]
 [ 4.97173123e-01  9.34535802e-01]
 [ 1.84925311e+00 -1.37812628e-01]
 [ 1.26911437e-01  1.34639001e-02]
 [ 9.44147806e-01  3.08045518e-01]
 [ 6.08434377e-01  7.76940968e-01]
 [-9.90106614e-01  2.95618647e-01]
 [ 8.54420259e-01  5.94324474e-01]
 [-1.93651348e-01  9.95823098e-01]
 [-1.33609295e-02  9.54286473e-01]
 [ 8.96219536e-01  4.26283153e-01]
 [ 6.52719530e-01 -4.66250765e-01]
 [ 1.55868523e+00 -3.93500428e-01]
 [ 8.50442662e-01 -5.23630879e-01]
 [ 2.30726980e-01 -1.16829545e-01]
 [ 1.83077245e+00  1.90815495e-02]
 [ 1.09261708e+00 -5.24761373e-01]
 [ 1.62725517e+00 -3.04676380e-01]
 [-4.96059017e-01  8.05587757e-01]
 [-3.82635148e-02  1.06902809e+00]
 [ 1.49364692e-01  1.00451993e+00]
 [ 1.21754579e+00 -4.24242836e-01]
 [ 1.78544196e-01  1.06882062e-01]
 [ 1.92654501e+00  1.72173425e-01]
 [ 1.02857848e+00  1.06907363e-01]
 [ 1.31893614e+00 -4.40964801e-01]
 [-9.15932469e-01  4.11670570e-01]
 [ 6.91031081e-01  7.15110319e-01]
 [ 4.32804175e-01 -3.88785042e-01]
 [-9.98985923e-01  7.11532515e-02]
 [ 3.24223083e-01 -1.71089310e-01]
 [ 1.41566637e+00 -3.69853839e-01]
 [ 9.04420092e-01 -4.14708239e-01]
 [ 1.92119801e+00  2.92039239e-01]
 [-8.68577489e-01  5.46971334e-01]
 [-8.66349608e-01  1.53773908e-01]
 [-3.44337550e-01  8.88056225e-01]
 [ 2.04373021e+00  2.80350838e-01]
 [ 3.05773858e-02  3.75399310e-01]
 [ 3.55886229e-01 -2.80770857e-01]
 [-6.90874579e-01  7.40259707e-01]
 [-2.34710639e-01  8.90623974e-01]
 [ 1.64487283e+00 -1.36400996e-01]
 [ 4.71071399e-01 -2.68861616e-01]
 [-4.64319058e-01  9.74624244e-01]
 [ 2.00519170e+00  4.42830745e-01]
 [ 3.92821637e-01  8.65245155e-01]
 [ 1.06640875e+00 -4.00685339e-01]
 [ 1.25000016e+00 -5.61882591e-01]
 [ 2.90347494e-01 -9.91878677e-03]
 [-4.33775655e-02  2.89384682e-01]
 [ 5.14099805e-01  7.34638108e-01]
 [ 7.94455786e-01  4.70126257e-01]
 [ 9.79237195e-01 -3.21116271e-02]
 [ 1.96430056e+00  7.42434074e-02]
 [-9.37509615e-01 -3.04947405e-02]
 [ 1.81182016e+00  1.38791632e-01]
 [ 2.53306561e-01  1.02263950e+00]
 [-5.56396335e-01  7.18070595e-01]
 [-6.12996862e-01  8.60916045e-01]
 [ 2.88593238e-01 -3.64457462e-01]
 [ 1.87637103e-04  5.28883582e-01]
 [ 6.91960900e-01  6.10466220e-01]
 [-7.71408335e-01  6.11976995e-01]
 [ 1.49297919e+00 -2.89233069e-01]
 [ 8.89505742e-01  2.23076690e-01]
 [ 1.70941460e+00 -3.91392816e-02]
 [ 6.27447486e-01 -5.75184525e-01]
 [ 2.88132627e-01  8.59013761e-01]
 [ 1.97892953e+00  5.62444753e-01]
 [ 7.59092129e-01 -4.28429335e-01]
 [-3.35335748e-01  9.99690107e-01]
 [ 1.83313677e-01 -2.65374683e-01]
 [ 1.85946660e+00  4.92467318e-01]
 [ 1.36744653e+00 -5.54871197e-01]
 [ 9.73200007e-01 -5.28568943e-01]
 [ 9.32172331e-02  2.38998148e-01]
 [ 1.73047529e+00 -3.05786482e-01]
 [-7.53161433e-01  4.11861327e-01]
 [-1.23204726e-01  9.03547487e-01]
 [-1.40208780e-01  1.08107733e+00]
 [-8.69568025e-02  3.92007514e-01]
 [-8.73437544e-01  6.97146827e-01]
 [ 8.09235557e-01  7.61955821e-01]
 [ 1.01253704e+00  4.11290759e-01]
 [ 1.93052290e+00 -6.50680880e-02]
 [ 1.08269123e+00  2.73888490e-01]
 [ 5.63733048e-01  6.06160970e-01]
 [ 2.04259887e+00  1.74431204e-01]
 [ 6.30041327e-01 -3.55154168e-01]
 [ 1.08477025e-01 -9.35408480e-02]
 [ 9.66543479e-01  5.39020803e-01]
 [ 1.38624075e-01  8.78041362e-01]
 [ 5.45652477e-01 -4.82358663e-01]
 [ 8.83262923e-01 -9.55476568e-02]
 [ 1.77201057e+00 -2.14571297e-01]
 [ 8.11598138e-01 -6.21304158e-01]
 [-1.06751460e+00  1.99670848e-01]
 [-1.05795737e+00 -1.70832606e-02]
 [-9.68211139e-01  1.79049837e-01]
 [ 1.91149310e+00  3.98314816e-01]
 [ 1.78785118e-01  1.13313220e+00]
 [ 5.87104144e-01  8.85537387e-01]
 [-6.49233232e-01  6.35614735e-01]
 [-9.77349747e-02  4.96797786e-01]
 [ 3.59283451e-01  9.85293381e-01]
 [ 9.21676165e-01  7.31759344e-02]
 [-8.48460400e-01  3.18070124e-01]
 [-9.89167416e-01  5.21073084e-01]
 [-3.91085219e-01  7.86349332e-01]
 [ 8.65115477e-02  1.08506781e+00]
 [ 1.51438314e+00 -5.11059260e-01]
 [ 1.07491796e-01  4.43836246e-01]
 [ 4.87311176e-01  1.03636945e+00]
 [ 2.11135118e+00  3.62657866e-01]
 [-6.86274661e-01  5.24649653e-01]
 [-7.83451555e-01  8.03830658e-01]
 [ 9.88804941e-01  2.01845632e-01]
 [ 1.08842531e+00 -4.35439440e-03]
 [ 1.22557099e-02  7.24369350e-03]
 [ 7.29107560e-01 -5.34547999e-01]]",121,[1. 2. 1. ... 2. 1. 1.],[1. 0. 0. ... 0. 1. 1.],1.0,0.5862166791697925,2.6856775283813477,More than 1 hour
4000,0.2,8,0.25,"[[ 0.01283958  0.15343946]
 [ 0.49717312  0.9345358 ]
 [ 1.84925311 -0.13781263]
 [ 0.94414781  0.30804552]
 [-0.99010661  0.29561865]
 [ 0.85442026  0.59432447]
 [-0.19365135  0.9958231 ]
 [ 0.65271953 -0.46625077]
 [ 1.55868523 -0.39350043]
 [ 0.23072698 -0.11682954]
 [ 1.09261708 -0.52476137]
 [-0.49605902  0.80558776]
 [ 0.14936469  1.00451993]
 [ 1.92654501  0.17217343]
 [-0.86857749  0.54697133]
 [ 0.39568761 -0.31793186]
 [ 0.02701191  0.47176497]
 [ 2.0051917   0.44283075]
 [ 0.9792372  -0.03211163]
 [-0.93750961 -0.03049474]
 [ 0.58976127  0.68759094]
 [ 1.36744653 -0.5548712 ]
 [-0.74735136  0.77256462]]",23,[ 1.  2.  3. ... 15. 10.  8.],[1. 0. 0. ... 0. 1. 1.],0.5623955988997249,0.5862166791697925,0.5683796405792236,More than 1 hour
4000,0.2,8,0.5,"[[ 0.01283958  0.15343946]
 [ 0.49717312  0.9345358 ]
 [ 1.84925311 -0.13781263]
 [ 0.94414781  0.30804552]
 [-0.99010661  0.29561865]
 [-0.19365135  0.9958231 ]
 [ 0.65271953 -0.46625077]
 [ 1.21754579 -0.42424284]
 [-0.69087458  0.74025971]
 [ 2.0051917   0.44283075]]",10,[1. 2. 3. ... 5. 7. 7.],[1. 0. 0. ... 0. 1. 1.],0.6251114028507126,0.5862166791697925,0.29192447662353516,More than 1 hour
4000,0.2,8,0.75,"[[ 0.01283958  0.15343946]
 [ 0.49717312  0.9345358 ]
 [ 1.84925311 -0.13781263]
 [ 0.94414781  0.30804552]
 [-0.99010661  0.29561865]
 [ 0.65271953 -0.46625077]
 [-0.45126656  0.88025059]]",7,[1. 2. 3. ... 5. 1. 6.],[1. 0. 0. ... 0. 1. 1.],0.6727336834208553,0.5862166791697925,0.20332884788513184,More than 1 hour
